Model,MAE_mean,MAE_std,RMSE_mean,RMSE_std,RMSLE_mean,RMSLE_std,R2_mean,R2_std,Adj_R2_mean,Adj_R2_std,MAPE_adj_mean,MAPE_adj_std,SMAPE_mean,SMAPE_std,MedAE_mean,MedAE_std
grad_boost,0.6822505149508746,0.01652771704482593,0.8915649161692304,0.03131198933474326,0.24830536408357928,0.005894152174285623,0.8865840659055316,0.015050023889612412,0.8732410148355942,0.016820614935449216,0.28026548646323235,0.003925586130119455,0.47175056060857096,0.047979789358930346,0.552694897744673,0.03649042481557807
svr_rbf,0.7068211340640248,0.007475808126715238,0.938965657141121,0.014653722760035175,0.26441746694773255,0.009536526477371216,0.8746806419181441,0.007433896515926927,0.8599371880261609,0.00830847257662422,0.29756382477476767,0.010735961862013654,0.48737318529121487,0.048768179028635436,0.5517484165667985,0.009873357636936067
ridge,0.7861382993870928,0.014078349427220103,0.9999387854546394,0.02901322643805124,0.2670053900338664,0.0013922049260956387,0.8580153775357959,0.006074524922956193,0.8413113043047131,0.006789174913892227,0.3462929908898014,0.01712908175372221,0.4884052643890155,0.039252583413339315,0.6448082356909105,0.005237557865513629
decision_tree,1.156723835344467,0.22170487692769814,1.505814071059768,0.2456976334446202,0.3970057844487735,0.06359392487485128,0.6761066740248332,0.0831212491467397,0.6380015768512842,0.09290021963459139,0.47213614377222085,0.13336610821715034,0.5580298864335258,0.09985941691978763,0.9197656490903485,0.14924099709640995
