Model,MAE_mean,MAE_std,RMSE_mean,RMSE_std,RMSLE_mean,RMSLE_std,R2_mean,R2_std,Adj_R2_mean,Adj_R2_std,MAPE_adj_mean,MAPE_adj_std,SMAPE_mean,SMAPE_std,MedAE_mean,MedAE_std
ridge,1.008516514723415,0.12031404717969627,1.2644994040665625,0.12965489176656056,0.37163316681668296,0.06389656324190868,0.7638992528661119,0.05234052204427131,0.7372106280929497,0.0550567979464095,0.47255356133914334,0.11935567419219298,0.5204679299750902,0.13570843984716005,0.8574227552610542,0.14682761767329727
grad_boost,1.206902226002232,0.7482803947800749,1.5040790738572332,0.8521913893999389,0.40371126573786037,0.23762766281191486,0.6465907177276617,0.3206661281930338,0.6100738299101288,0.34838889180055516,0.4921061611134741,0.3191249730356492,0.580745722475966,0.27392842943422246,1.1256877008826967,0.8604030196141329
svr_rbf,1.2438337670316308,0.29415432878720155,1.5225816399913814,0.3150470177934803,0.4529045021445693,0.15062119035605476,0.6627903394769677,0.08355798254562162,0.6259544694934708,0.08326207367299163,0.619707739621007,0.2674985224119242,0.5609862694706796,0.14760245494306212,1.1392116473026814,0.3364000555724142
decision_tree,1.6899308398340753,0.43315719900891947,2.176583443183938,0.5274965129262704,0.519464840949942,0.13364537542293764,0.31008153659385396,0.2082280530285462,0.230760432474423,0.22952900464388218,0.6656021051717228,0.199862508019872,0.7097983474858802,0.18434971086674506,1.2768555092938567,0.34370263783913746
